店舗名,カテゴリ,メニュー名,カロリー,たんぱく質 (g),脂質 (g),炭水化物 (g)
マクドナルド,バーガー,えびフィレオ®,408,11.4,18.6,5.12
マクドナルド,バーガー,てりやきチキンフィレオ,496,20.1,23.0,6.74
マクドナルド,バーガー,てりやきマックバーガー,485,14.2,31.3,9.51
マクドナルド,バーガー,エグチ(エッグチーズバーガー),390,22.4,19.0,7.84
マクドナルド,バーガー,エッグマックマフィン®,310,18.6,13.6,4.75
マクドナルド,バーガー,ジューシーチキン 旨辛ガーリック,477,17.4,24.1,6.89
マクドナルド,バーガー,ソーセージエッグマフィン,477,22.0,30.6,10.87
マクドナルド,バーガー,ソーセージマフィン,397,15.5,25.1,9.45
マクドナルド,バーガー,タルタルデミソーセージマフィン,491,16.7,31.7,10.37
マクドナルド,バーガー,タルタルデミ肉厚ビーフ,473,22.3,25.8,9.96
マクドナルド,バーガー,タルタルデミ倍肉厚ビーフ,640,35.2,38.7,15.85
マクドナルド,バーガー,ダブルチーズバーガー,459,26.4,25.1,12.11
マクドナルド,バーガー,チーズバーガー,310,15.9,13.5,6.41
マクドナルド,バーガー,チキチー® (マックチキン® チーズ),436,16.4,23.6,7.8
マクドナルド,バーガー,チキンフィレオ®,479,19.9,23.8,6.7
マクドナルド,バーガー,チキンマックマフィン,401,15.1,20.8,5.46
マクドナルド,バーガー,ハンバーガー,259,13.0,9.5,4.01
マクドナルド,バーガー,バターパット,60,0.0,6.6,4.07
マクドナルド,バーガー,ビッグマック®,524,26.1,28.0,10.77
マクドナルド,バーガー,フィレオフィッシュ®,338,15.1,14.2,4.48
マクドナルド,バーガー,ベーコンエッグマックサンド,294,16.3,12.6,4.89
マクドナルド,バーガー,ベーコンレタスバーガー,362,17.5,19.4,7.31
マクドナルド,バーガー,ホットケーキ,323,8.3,9.3,1.86
マクドナルド,バーガー,ホットケーキシロップ,121,0.0,0.0,0
マクドナルド,バーガー,マックグリドル® ソーセージ,414,10.5,23.4,9.06
マクドナルド,バーガー,マックグリドル® ソーセージエッグ,545,19.8,32.9,12.89
マクドナルド,バーガー,マックグリドル® ベーコンエッグ,382,15.6,16.7,7.01
マクドナルド,バーガー,マックチキン®,386,13.5,19.6,5.39
マクドナルド,バーガー,マックポーク®,409,14.8,23.8,8.57
マクドナルド,バーガー,メガマフィン,693,30.0,49.3,17.56
マクドナルド,バーガー,倍えびフィレオ,582,17.5,26.7,8.53
マクドナルド,バーガー,倍てりやきチキンフィレオ,769,35.0,36.4,11.73
マクドナルド,バーガー,倍てりやきマックバーガー,747,23.3,52.9,17.27
マクドナルド,バーガー,倍エグチ(倍エッグチーズバーガー),489,29.9,26.6,11.13
マクドナルド,バーガー,倍ダブルチーズバーガー,657,41.6,40.3,18.71
マクドナルド,バーガー,倍チーズバーガー,409,23.5,21.1,9.71
マクドナルド,バーガー,倍チキチー(倍マックチキン チーズ),599,24.8,33.5,11.45
マクドナルド,バーガー,倍チキンフィレオ,725,34.6,37.1,11.7
マクドナルド,バーガー,倍ハンバーガー,358,20.6,17.1,7.3
マクドナルド,バーガー,倍ビッグマック,722,41.3,43.2,17.37
マクドナルド,バーガー,倍フィレオフィッシュ,453,23.4,19.1,6.38
マクドナルド,バーガー,倍ベーコンレタスバーガー,461,25.0,27.0,10.61
マクドナルド,バーガー,倍マックチキン,549,21.9,29.5,9.05
マクドナルド,バーガー,倍マックポーク,644,23.7,45.3,16.34
マクドナルド,バーガー,炙り醤油風 たまごベーコンダブル肉厚ビーフ,685,43.6,39.9,17.09
マクドナルド,バーガー,炙り醤油風 たまごベーコン肉厚ビーフ,517,30.8,27.0,11.21
マクドナルド,バーガー,炙り醤油風 ダブル肉厚ビーフ,633,38.0,37.1,17.59
マクドナルド,バーガー,焙煎ごまタルタルシュリンプ,460,14.9,21.6,7.71
マクドナルド,バーガー,チーズチーズてりやきマックバーガー,586,20.1,39.3,14.39
マクドナルド,バーガー,チーズチーズダブルチーズバーガー,561,32.4,33.2,17.08
マクドナルド,サイド,えだまめコーン,84,5.2,3.2,0.42
マクドナルド,サイド,りんご&クリーム,31,0.2,1.5,0.52
マクドナルド,サイド,ケチャップ,23,0.4,0.1,0.01
マクドナルド,サイド,サイドサラダ,10,0.5,0.1,0.01
マクドナルド,サイド,シャカシャカポテト® のり塩味シーズニング,8,0.4,0.1,0.01
マクドナルド,サイド,シャカチキ,246,14.7,13.3,5
マクドナルド,サイド,シャカチキ チェダーチーズ味シーズニング,8,0.3,0.1,0.07
マクドナルド,サイド,ソフトツイスト,148,3.9,3.8,2.23
マクドナルド,サイド,チーズカレーソース,90,0.2,9.0,0.94
マクドナルド,サイド,チーズベーコンポテトパイ,250,3.8,15.6,5.28
マクドナルド,サイド,チキンマックナゲット® 15ピース,786,46.0,47.8,17.69
マクドナルド,サイド,チキンマックナゲット® 5ピース,262,15.3,15.9,5.9
マクドナルド,サイド,ハッシュポテト,157,1.4,10.2,3.65
マクドナルド,サイド,バーベキューソース,33,0.2,0.2,0.01
マクドナルド,サイド,プチパンケーキ,161,3.8,4.4,0.93
マクドナルド,サイド,ホットアップルパイ,211,2.1,10.9,3.6
マクドナルド,サイド,マスタードソース,43,0.4,2.2,0.2
マクドナルド,サイド,マックフライポテト®(L),517,7.0,25.2,9.45
マクドナルド,サイド,マックフライポテト®(M),410,5.5,20.0,7.51
マクドナルド,サイド,マックフライポテト®(S),225,3.0,11.0,4.11
マクドナルド,サイド,マックフルーリー® オレオ® クッキー,235,5.8,6.8,3.83
マクドナルド,サイド,マックフルーリー® 超 オレオ® クッキー,355,7.8,10.9,5.64
マクドナルド,サイド,焙煎胡麻ドレッシング(カロリーハーフ),27,0.4,1.7,0.15
マクドナルド,ドリンク,Qoo 白ぶどう(L),192,0.0,0.0,0
マクドナルド,ドリンク,Qoo 白ぶどう(M),149,0.0,0.0,0
マクドナルド,ドリンク,Qoo 白ぶどう(S),96,0.0,0.0,0
マクドナルド,ドリンク,Qoo 白ぶどう(ジャンボ),297,0.0,0.0,0
マクドナルド,ドリンク,アールグレイ アイスティー(ストレート)(L),0,0.0,0.0,0
マクドナルド,ドリンク,アールグレイ アイスティー(ストレート)(M),0,0.0,0.0,0
マクドナルド,ドリンク,アールグレイ アイスティー(ストレート)(S),0,0.0,0.0,0
マクドナルド,ドリンク,アールグレイ アイスティー(ミルク)(L),9,0.2,0.9,0.08
マクドナルド,ドリンク,アールグレイ アイスティー(ミルク)(M),9,0.2,0.9,0.08
マクドナルド,ドリンク,アールグレイ アイスティー(ミルク)(S),9,0.2,0.9,0.08
マクドナルド,ドリンク,アールグレイ アイスティー(レモン)(L),1,0.0,0.0,0
マクドナルド,ドリンク,アールグレイ アイスティー(レモン)(M),1,0.0,0.0,0
マクドナルド,ドリンク,アールグレイ アイスティー(レモン)(S),1,0.0,0.0,0
マクドナルド,ドリンク,アイスカフェラテ(M),103,5.1,5.7,3.49
マクドナルド,ドリンク,アイスカフェラテ(S),72,3.5,4.0,2.44
マクドナルド,ドリンク,アイスキャラメルラテ(M),155,5.1,5.8,3.51
マクドナルド,ドリンク,アイスキャラメルラテ(S),124,3.6,4.0,2.46
マクドナルド,ドリンク,カフェラテ(M),116,5.7,6.5,3.95
マクドナルド,ドリンク,カフェラテ(S),82,4.0,4.6,2.79
マクドナルド,ドリンク,ガムシロップ,19,0.0,0.0,0
マクドナルド,ドリンク,キャラメルラテ(M),168,5.8,6.5,3.97
マクドナルド,ドリンク,キャラメルラテ(S),134,4.1,4.6,2.81
マクドナルド,ドリンク,コーヒーフレッシュ,9,0.2,0.9,0.08
マクドナルド,ドリンク,コカ・コーラ ゼロ(L),0,0.0,0.0,0
マクドナルド,ドリンク,コカ・コーラ ゼロ(M),0,0.0,0.0,0
マクドナルド,ドリンク,コカ・コーラ ゼロ(S),0,0.0,0.0,0
マクドナルド,ドリンク,コカ・コーラ ゼロ(ジャンボ),0,0.0,0.0,0
マクドナルド,ドリンク,コカ・コーラ(L),188,0.0,0.0,0
マクドナルド,ドリンク,コカ・コーラ(M),145,0.0,0.0,0
マクドナルド,ドリンク,コカ・コーラ(S),94,0.0,0.0,0
マクドナルド,ドリンク,コカ・コーラ(ジャンボ),291,0.0,0.0,0
マクドナルド,ドリンク,サントリー黒烏龍茶#濃いめ,5,0.0,0.0,0
マクドナルド,ドリンク,シュガー,12,0.0,0.0,0
マクドナルド,ドリンク,スプライト(L),166,0.0,0.0,0
マクドナルド,ドリンク,スプライト(M),128,0.0,0.0,0
マクドナルド,ドリンク,スプライト(S),83,0.0,0.0,0
マクドナルド,ドリンク,スプライト(ジャンボ),257,0.0,0.0,0
マクドナルド,ドリンク,ファンタ グレープ(L),212,0.0,0.0,0
マクドナルド,ドリンク,ファンタ グレープ(M),164,0.0,0.0,0
マクドナルド,ドリンク,ファンタ グレープ(S),106,0.0,0.0,0
マクドナルド,ドリンク,ファンタ グレープ(ジャンボ),328,0.0,0.0,0
マクドナルド,ドリンク,ファンタ メロン(L),212,0.0,0.0,0
マクドナルド,ドリンク,ファンタ メロン(M),164,0.0,0.0,0
マクドナルド,ドリンク,ファンタ メロン(S),106,0.0,0.0,0
マクドナルド,ドリンク,ファンタ メロン(ジャンボ),328,0.0,0.0,0
マクドナルド,ドリンク,プレミアムローストアイスコーヒー(L),12,0.6,0.0,0
マクドナルド,ドリンク,プレミアムローストアイスコーヒー(M),9,0.5,0.0,0
マクドナルド,ドリンク,プレミアムローストアイスコーヒー(S),6,0.3,0.0,0
マクドナルド,ドリンク,プレミアムローストコーヒー(M),12,0.6,0.0,0
マクドナルド,ドリンク,プレミアムローストコーヒー(S),7,0.4,0.0,0
マクドナルド,ドリンク,ホットティー(ストレート)(M),3,0.3,0.0,0
マクドナルド,ドリンク,ホットティー(ストレート)(S),2,0.2,0.0,0
マクドナルド,ドリンク,ホットティー(ミルク)(M),12,0.5,0.9,0.08
マクドナルド,ドリンク,ホットティー(ミルク)(S),11,0.3,0.9,0.08
マクドナルド,ドリンク,ホットティー(レモン)(M),4,0.3,0.0,0
マクドナルド,ドリンク,ホットティー(レモン)(S),3,0.2,0.0,0
マクドナルド,ドリンク,マックシェイク® ストロベリー(L),466,8.3,7.0,4.75
マクドナルド,ドリンク,マックシェイク® ストロベリー(M),375,6.8,5.7,3.9
マクドナルド,ドリンク,マックシェイク® ストロベリー(S),226,4.2,3.6,2.44
マクドナルド,ドリンク,マックシェイク® チョコレート(L),477,9.5,7.7,5.13
マクドナルド,ドリンク,マックシェイク® チョコレート(M),383,7.8,6.2,4.18
マクドナルド,ドリンク,マックシェイク® チョコレート(S),231,4.8,3.9,2.59
マクドナルド,ドリンク,マックシェイク® バニラ(L),456,8.3,6.9,4.75
マクドナルド,ドリンク,マックシェイク® バニラ(M),367,6.8,5.7,3.9
マクドナルド,ドリンク,マックシェイク® バニラ(S),222,4.2,3.6,2.44
マクドナルド,ドリンク,マックフィズ® 沖縄県産パイン,158,0.0,0.0,0
マクドナルド,ドリンク,マックフロート® グレープ,213,2.9,2.9,1.77
マクドナルド,ドリンク,マックフロート® コーク®,200,2.8,2.9,1.8
マクドナルド,ドリンク,マックフロート® コーヒー,113,3.2,2.9,1.77
マクドナルド,ドリンク,マックフロート® メロン,213,2.9,2.9,1.77
マクドナルド,ドリンク,マックフロート® 沖縄県産パイン,264,2.9,2.9,1.77
マクドナルド,ドリンク,ミニッツメイド アップル100,96,0.0,0.0,0
マクドナルド,ドリンク,ミニッツメイド® オレンジ(S),102,1.5,0.0,0
マクドナルド,ドリンク,ミルク,138,6.8,7.8,4.8
マクドナルド,ドリンク,リキッドレモン,1,0.0,0.0,0
マクドナルド,ドリンク,爽健美茶(L),0,0.0,0.0,0
マクドナルド,ドリンク,爽健美茶(M),0,0.0,0.0,0
マクドナルド,ドリンク,爽健美茶(S),0,0.0,0.0,0
マクドナルド,ドリンク,爽健美茶(ジャンボ),0,0.0,0.0,0
マクドナルド,ドリンク,野菜生活100(L),156,1.1,0.6,0.06
マクドナルド,ドリンク,野菜生活100(M),121,0.8,0.5,0.05
マクドナルド,ドリンク,野菜生活100(S),78,0.5,0.3,0.03
マクドナルド,バリスタ,アイスアメリカーノ(L),3,0.2,0.0,0.01
マクドナルド,バリスタ,アイスアメリカーノ(M),2,0.1,0.0,0.01
マクドナルド,バリスタ,アイスカフェモカ(L),286,8.3,12.9,9.09
マクドナルド,バリスタ,アイスカフェモカ(M),216,6.3,9.7,6.86
マクドナルド,バリスタ,アイスカフェラテ(L),106,5.2,5.9,3.58
マクドナルド,バリスタ,アイスカフェラテ(M),87,4.3,4.8,2.93
マクドナルド,バリスタ,アイスキャラメルラテ(L),268,5.6,10.8,7.75
マクドナルド,バリスタ,アイスキャラメルラテ(M),206,4.4,8.3,5.95
マクドナルド,バリスタ,アイスチョコレート(L),340,9.3,13.5,9.51
マクドナルド,バリスタ,アイスチョコレート(M),251,7.0,10.2,7.16
マクドナルド,バリスタ,アメリカーノ(M),2,0.1,0.0,0.01
マクドナルド,バリスタ,アメリカーノ(S),2,0.1,0.0,0
マクドナルド,バリスタ,エクストラショット,2,0.1,0.0,0
マクドナルド,バリスタ,エクストラシロップ キャラメル,39,0.0,0.0,0
マクドナルド,バリスタ,エスプレッソ(S),2,0.1,0.0,0
マクドナルド,バリスタ,カプチーノ(M),127,6.1,6.9,4.21
マクドナルド,バリスタ,カプチーノ(S),89,4.3,4.8,2.93
マクドナルド,バリスタ,カプチーノ(テイクアウト用)(M),135,6.5,7.3,4.49
マクドナルド,バリスタ,カプチーノ(テイクアウト用)(S),91,4.4,4.9,2.98
マクドナルド,バリスタ,クッキー&クリームチョコフラッペ,332,6.5,10.8,7.35
マクドナルド,バリスタ,クッキー&チョコミントフラッペ,403,5.3,15.8,12.46
マクドナルド,バリスタ,トリプルチョコ&キャラメルスコーン,297,5.4,15.9,6
マクドナルド,バリスタ,ニトロブリューコーヒー アイスブラック,6,0.3,0.0,0
マクドナルド,バリスタ,ニトロブリューコーヒー アイスミルク,73,3.6,3.9,2.39
マクドナルド,バリスタ,プリンケーキ,179,2.1,10.1,1.97
マクドナルド,バリスタ,ホイップクリーム,67,0.8,4.3,3.52
マクドナルド,バリスタ,ホットカフェモカ(M),264,9.5,9.3,5.82
マクドナルド,バリスタ,ホットカフェモカ(S),171,6.1,5.9,3.7
マクドナルド,バリスタ,ホットカフェモカ(テイクアウト用)(M),274,10.0,9.9,6.16
マクドナルド,バリスタ,ホットカフェモカ(テイクアウト用)(S),181,6.6,6.5,4.05
マクドナルド,バリスタ,ホットカフェラテ(M),147,7.2,8.2,5.02
マクドナルド,バリスタ,ホットカフェラテ(S),95,4.7,5.3,3.23
マクドナルド,バリスタ,ホットカフェラテ(テイクアウト用)(M),162,8.0,9.0,5.53
マクドナルド,バリスタ,ホットカフェラテ(テイクアウト用)(S),116,5.7,6.5,3.97
マクドナルド,バリスタ,ホットキャラメルラテ(M),195,6.6,7.5,4.56
マクドナルド,バリスタ,ホットキャラメルラテ(S),126,4.2,4.7,2.89
マクドナルド,バリスタ,ホットキャラメルラテ(テイクアウト用)(M),213,7.2,8.2,5.01
マクドナルド,バリスタ,ホットキャラメルラテ(テイクアウト用)(S),152,5.2,5.9,3.59
マクドナルド,バリスタ,ホットチョコレート(M),253,8.9,8.8,5.49
マクドナルド,バリスタ,ホットチョコレート(S),168,5.9,5.8,3.63
マクドナルド,バリスタ,ホットチョコレート(テイクアウト用)(M),255,9.0,8.9,5.56
マクドナルド,バリスタ,ホットチョコレート(テイクアウト用)(S),168,5.9,5.8,3.63
マクドナルド,バリスタ,マカロン チョコレート,82,1.5,4.2,1.62
マクドナルド,バリスタ,マカロン バニラ,83,1.7,4.1,1.1
マクドナルド,バリスタ,マカロン ラズベリー,81,1.4,4.2,1.43
マクドナルド,バリスタ,マンゴースムージー,203,0.5,0.2,0.03
マクドナルド,バリスタ,ロールケーキ オレオ® クッキー,269,3.8,18.0,10.47
マクドナルド,バリスタ,宇治抹茶フラッペ,262,5.3,8.9,6.19
ココス,おこさまメニュー,ワクワクセット ラスカル包み焼きハンバーグ,899,25.6,43.7,101.0
ココス,おこさまメニュー,ワクワクセット チーズハンバーグトリオ,786,31.6,34.3,86.4
ココス,おこさまメニュー,ワクワクセット ふわとろオムライス＆ポテト,757,20.9,47.3,62.1
ココス,おこさまメニュー,おこさまラーメン,230,7.2,3.2,43.9
ココス,おこさまメニュー,おこさまナポリタン,362,8.4,11.8,54.5
ココス,おこさまメニュー,おこさまうどん,162,3.5,0.7,36.2
ココス,おこさまメニュー,おこさまパンケーキ,408,8.1,12.9,66.2
ココス,おこさまメニュー,おこさままぐろ丼,355,13.7,3.2,70.3
ココス,おこさまメニュー,低アレルゲンおこさまハンバーグプレート,430,13.1,14.6,63.8
ココス,おこさまメニュー,低アレルゲンおこさまカレー,372,7.0,3.2,81.4
ココス,おこさまメニュー,低アレルゲンおこさまホットドッグ,292,5.5,11.2,43.2
ココス,おこさまメニュー,低アレルゲン米粉パン,139,1.9,2.6,27.0
ココス,おこさまメニュー,低アレルゲンいちごアイス,53,0.1,0.4,12.2
ココス,おこさまメニュー,低アレルゲンぶどうゼリー,37,0.0,0.0,10.0
ココス,おこさまメニュー,おこさまからあげ,206,11.9,10.5,13.7
ココス,おこさまメニュー,おこさまコーンスープ,121,3.4,4.5,16.2
ココス,おこさまメニュー,おこさまフライドポテト,243,1.7,16.8,21.1
ココス,おこさまメニュー,おこさま選べるダブルアイス,,,,
ココス,おこさまメニュー,しらすの雑炊,34,1.0,0.2,7.0
ココス,おこさまメニュー,鶏と野菜のリゾット&鮭のホワイトシチュー,86,3.4,0.4,17.3
ココス,純氷ふわふわかき氷,純氷ふわふわかき氷 いちご,711,4.7,28.7,111.8
ココス,純氷ふわふわかき氷,純氷ふわふわかき氷 マンゴー,690,5.1,30.0,103.0
ココス,純氷ふわふわかき氷,純氷ふわふわかき氷 宇治金時,671,7.6,27.3,101.3
ココス,純氷ふわふわかき氷,純氷ふわふわかき氷 ポップブルー,529,2.3,23.5,80.4
ココス,純氷ふわふわかき氷,純氷ふわふわかき氷 しろくま,711,8.5,29.4,107.0
ココス,純氷ふわふわかき氷,純氷ふわふわかき氷 ドバイチョコ,750,8.2,43.7,83.7
ココス,純氷ふわふわかき氷,純氷ふわふわかき氷 ミニ！いちご,226,1.1,1.3,53.9
ココス,純氷ふわふわかき氷,純氷ふわふわかき氷 ミニ！マンゴー,214,1.4,2.2,48.4
ココス,純氷ふわふわかき氷,純氷ふわふわかき氷 ミニ！宇治金時,265,3.8,2.1,58.7
ココス,純氷ふわふわかき氷,純氷ふわふわかき氷 ミニ！ポップブルー,169,0.5,0.0,43.1
ココス,純氷ふわふわかき氷,純氷ふわふわかき氷 こぐま,262,3.4,3.8,55.6
ココス,純氷ふわふわかき氷,純氷ふわふわかき氷 ミニ！黒みつきなこ,276,5.0,3.2,58.6
ココス,ライスプレート・麺,蒸し鶏と彩り野菜のごまだれ冷やし麺,812,34.7,36.8,82.2
ココス,今月のグルメ～8月～,蒸し鶏と海老のシンガポール風冷やしラクサ,671,29.6,25.7,82.0
ココス,今月のグルメ～8月～,追加パクチー,1,0.1,0.0,0.4
ココス,ハンバーグ,ココスのハンバーグ,350,19.8,22.5,14.7
ココス,ハンバーグ,満腹！オールスタープレート,823,35.7,55.7,41.8
ココス,ハンバーグ,ココスのハンバーグダブル,626,34.3,40.2,27.8
ココス,ハンバーグ,山盛り!!鬼おろしハンバーグ,399,21.7,22.6,25.0
ココス,ハンバーグ,チーズインハンバーグ,530,29.2,35.8,19.1
ココス,ハンバーグ,揚げなすとバジルのガーリックトマトハンバーグ,598,24.0,41.6,32.7
ココス,ハンバーグ,ビーフハンバーグステーキ,504,25.9,39.6,6.4
ココス,ハンバーグ,ビーフハンバーグステーキ チェダーチーズ,552,28.8,43.4,6.6
ココス,ハンバーグ,ビーフハンバーグステーキダブル,982,50.6,78.8,8.3
ココス,ハンバーグ,濃厚ビーフシチューの包み焼きハンバーグ145g,676,28.4,39.7,45.1
ココス,ハンバーグ,濃厚ビーフシチューの包み焼きハンバーグ110g,527,21.0,30.2,37.8
ココス,ハンバーグ,濃厚ビーフシチューの包み焼きハンバーグ ダブル220g,841,38.0,51.1,49.8
ココス,ハンバーグ,6種チーズの包み焼きハンバーグ,719,34.3,44.6,42.7
ココス,ハンバーグ,濃厚ビーフシチューの包み焼きハンバーグ145g＆カニクリームコロッケ,857,31.2,54.6,54.1
ココス,ハンバーグ,濃厚ビーフシチューの包み焼きハンバーグ110g＆カニクリームコロッケ,708,23.8,45.1,46.8
ココス,ハンバーグ,とろ～り玉子の濃厚ビーフシチュー包み焼きハンバーグ145g,759,35.2,45.4,45.3
ココス,ハンバーグ,とろ～り玉子の濃厚ビーフシチュー包み焼きハンバーグ110g,610,27.8,35.9,38.0
ココス,ハンバーグ,山盛りチーズの濃厚ビーフシチュー包み焼きハンバーグ145g,752,35.0,45.3,45.2
ココス,ハンバーグ,山盛りチーズの濃厚ビーフシチュー包み焼きハンバーグ110g,603,27.6,35.8,38.0
ココス,ハンバーグ,温野菜の濃厚ビーフシチュー包み焼きハンバーグ145g,764,31.8,42.9,58.7
ココス,ハンバーグ,温野菜の濃厚ビーフシチュー包み焼きハンバーグ110g,615,24.4,33.3,51.4
ココス,ステーキ,カットステーキ 130g,249,26.8,11.8,7.1
ココス,ステーキ,カットステーキお肉2倍 260g,466,52.4,23.1,7.9
ココス,ステーキ,厚切り!!サーロインステーキ,932,44.3,65.9,33.0
ココス,ステーキ,チキンステーキ,460,33.6,29.0,13.6
ココス,ステーキ,山盛り!!鬼おろしチキンステーキ,509,35.6,29.2,24.0
ココス,ステーキ,揚げなすとバジルのガーリックトマトチキンステーキ,650,35.7,45.5,23.7
ココス,パスタ,フレッシュバジル＆モッツァレラトマトパスタ,594,22.3,22.9,78.7
ココス,パスタ,魚介のスープパスタ,584,28.2,15.3,86.4
ココス,パスタ,ベーコンの濃厚カルボナーラ,674,23.7,33.6,73.3
ココス,パスタ,ほうれん草とベーコンのバター醤油パスタ,558,16.8,23.2,73.1
ココス,パスタ,ココスのハンバーグボロネーゼ,942,40.8,47.2,86.9
ココス,パスタ,ミニ！フレッシュバジル＆モッツァレラトマトパスタ,400,13.3,16.7,51.7
ココス,パスタ,ミニ！ベーコンの濃厚カルボナーラ,510,16.7,28.5,50.1
ココス,パスタ,ミニ！ほうれん草とベーコンのバター醤油パスタ,383,10.9,16.9,48.4
ココス,和膳・丼,2度おいしい！まぐろ・サーモンの二色丼,516,32.3,11.8,72.1
ココス,和膳・丼,鬼おろし冷やし豚しゃぶ膳,711,19.9,33.4,79.7
ココス,和膳・丼,選べるおかず＆愛媛県産はもの柚子みぞれ膳,480,30.0,7.8,76.7
ココス,和膳・丼,愛媛県産はもの柚子みぞれ膳,480,30.0,7.8,76.7
ココス,和膳・丼,本気の唐揚げ膳,753,32.4,25.5,97.6
ココス,和膳・丼,選べるおかずの包み焼きハンバーグ膳,689,27.2,26.3,83.3
ココス,和膳・丼,まぐろたたき小丼～みそ汁付き～,357,16.3,4.2,65.4
ココス,和膳・丼,サーモン小丼～みそ汁付き～,342,13.6,4.6,65.3
ココス,和膳・丼,お茶漬けお出汁,17,1.1,0.0,1.8
ココス,ライスプレート・麺,ミニ！海老とほうれん草のドリア,338,15.0,12.6,39.9
ココス,ライスプレート・麺,ココスのビーフカレー,625,14.0,15.9,108.5
ココス,ライスプレート・麺,ミニ！ココスのビーフカレー,312,7.0,8.0,54.3
ココス,ライスプレート・麺,とろ～りチーズと濃厚ビーフシチューのふわとろオムライス,1064,41.9,61.6,83.7
ココス,ライスプレート・麺,濃厚ビーフシチューのふわとろオムライス,890,33.4,47.3,80.8
ココス,ライスプレート・麺,濃厚ビーフシチューのふわとろオムライス ハーフ,571,20.9,34.7,42.3
ココス,ライスプレート・麺,カリブチキンジャンバラヤ,970,45.3,49.7,77.6
ココス,ライスプレート・麺,カリブビーフジャンバラヤ,782,40.5,32.2,76.7
ココス,ライスプレート・麺,ココスのきのこハンバーグプレート,625,23.7,25.1,74.8
ココス,ライスプレート・麺,ココスのきのこハンバーグプレートダブル,915,40.7,45.5,81.8
ココス,ライスプレート・麺,大豆ミートハンバーグの十六穀米プレート,776,31.5,41.7,74.3
ココス,サラダ・スープ,シェアサイズ ココスのフルーツサラダ,112,1.2,5.7,16.0
ココス,サラダ・スープ,フルーツ2倍！シェアサイズ ココスのフルーツサラダ,131,1.4,5.7,21.1
ココス,サラダ・スープ,シェアサイズ 温泉玉子とカリカリチェダーのシーザーサラダ,370,18.0,30.1,5.8
ココス,サラダ・スープ,シェアサイズ カリカリチェダーのシーザーサラダ,287,11.2,24.4,5.6
ココス,サラダ・スープ,シェアサイズ カリフォルニアタコサラダ,607,15.8,42.8,39.5
ココス,サラダ・スープ,シェアサイズ チキンとナッツのサラダ,434,21.2,29.4,22.4
ココス,サラダ・スープ,ココスのフルーツサラダ,68,0.9,2.9,11.1
ココス,サラダ・スープ,フルーツ2倍！ココスのフルーツサラダ,87,1.1,2.9,16.2
ココス,サラダ・スープ,カリフォルニアタコサラダ,331,8.2,23.4,22.2
ココス,サラダ・スープ,カリカリチェダーのシーザーサラダ,146,5.7,12.2,3.3
ココス,サラダ・スープ,彩り野菜のグリーンサラダ,10,0.5,0.1,2.1
ココス,ピザ・サイドメニュー,メキシカン・ケサディーヤ,598,26.9,37.0,39.3
ココス,ピザ・サイドメニュー,ハーフメキシカン・ケサディーヤ,311,13.6,19.0,21.7
ココス,ピザ・サイドメニュー,ピッツァ マルゲリータ,528,23.7,19.3,66.3
ココス,ピザ・サイドメニュー,ピッツァ クワトロフォルマッジ,500,22.4,13.7,73.1
ココス,ピザ・サイドメニュー,カリカリポテト,466,3.1,33.7,37.6
ココス,ピザ・サイドメニュー,ミニ！カリカリポテト,233,1.5,16.8,18.8
ココス,ピザ・サイドメニュー,カリフォルニアカリカリポテト,541,5.2,39.9,40.2
ココス,ピザ・サイドメニュー,ココスのベイクドポテト,144,1.8,6.4,20.2
ココス,ピザ・サイドメニュー,サーモンのカルパッチョ,53,4.9,3.2,2.0
ココス,ピザ・サイドメニュー,ほうれん草とベーコンのバターソテー,245,6.1,23.3,4.2
ココス,ピザ・サイドメニュー,本気の唐揚げ,313,18.0,15.8,21.7
ココス,ピザ・サイドメニュー,温野菜のシーザーサラダ,286,7.5,22.1,16.9
ココス,ピザ・サイドメニュー,銚子産真いわしのマリネ,115,6.9,7.8,3.6
ココス,ピザ・サイドメニュー,ポップコーンシュリンプ,304,6.5,23.3,16.9
ココス,ピザ・サイドメニュー,北海道産紅ズワイガニのクリームコロッケ～ビスクソース～,382,6.3,30.7,19.7
ココス,ランチメニュー,ミニ！ドリア＆選べるミニ！パスタ ランチ,,,,
ココス,ランチメニュー,海老とアボカドのレモンクリームパスタランチ,557,23.5,16.8,82.0
ココス,ランチメニュー,揚げなすのモッツァレラトマトパスタランチ,847,23.7,46.9,88.3
ココス,ランチメニュー,ほうれん草とベーコンのバター醤油パスタランチ,589,17.3,25.2,76.3
ココス,ランチメニュー,濃厚ビーフシチューの包み焼きハンバーグ 145g ランチ,925,32.4,40.2,104.5
ココス,ランチメニュー,濃厚ビーフシチューの包み焼きハンバーグ 110g ランチ,776,25.0,30.7,97.2
ココス,ランチメニュー,チーズソースの濃厚ビーフシチュー包み焼きハンバーグ 145g ランチ,990,33.6,46.1,106.3
ココス,ランチメニュー,チーズソースの濃厚ビーフシチュー包み焼きハンバーグ 110g ランチ,841,26.2,36.6,99.1
ココス,ランチメニュー,とろ～り玉子の濃厚ビーフシチュー包み焼きハンバーグ 145ｇ ランチ,1008,39.2,45.9,104.6
ココス,ランチメニュー,とろ～り玉子の濃厚ビーフシチュー包み焼きハンバーグ 110ｇ ランチ,859,31.8,36.4,97.4
ココス,ランチメニュー,温野菜の濃厚ビーフシチュー包み焼きハンバーグ 145g ランチ,1013,35.8,43.4,118.0
ココス,ランチメニュー,温野菜の濃厚ビーフシチュー包み焼きハンバーグ 110g ランチ,864,28.4,33.8,110.8
ココス,ランチメニュー,鬼おろし冷やし豚しゃぶプレートランチ,665,16.7,31.4,75.9
ココス,ランチメニュー,チキンとナッツのサラダランチ～トルティーヤ付き～,641,25.9,34.5,57.3
ココス,ランチメニュー,カットステーキランチ,499,30.8,12.3,66.5
ココス,ランチメニュー,チーズ＆ガーリックハンバーグランチ,747,30.1,30.7,86.7
ココス,ランチメニュー,ビーフハンバーグステーキランチ,754,29.9,40.1,65.7
ココス,ランチメニュー,コンボランチ,789,31.0,36.0,85.4
ココス,ランチメニュー,おろしハンバーグ＆白身魚フライランチ,764,28.7,32.0,90.7
ココス,ランチメニュー,ランチ ココスのフルーツサラダ,68,0.9,2.9,11.1
ココス,ランチメニュー,ランチ カリカリポテト,466,3.1,33.7,37.6
ココス,ランチメニュー,ランチ 銚子産真いわしのマリネ,115,6.9,7.8,3.6
ココス,ランチメニュー,ランチ サーモンのカルパッチョ,53,4.9,3.2,2.0
ココス,ランチメニュー,ランチ CoCoプリン,240,4.2,16.7,18.6
ココス,ランチメニュー,ランチ 白玉クリームあずき,227,4.2,2.5,46.8
ココス,ランチメニュー,ランチ 純氷ふわふわかき氷 ミニ！いちご,226,1.1,1.3,53.9
ココス,ランチメニュー,ランチ コーヒーゼリー,159,1.1,8.4,21.6
ココス,ランチメニュー,ミニサラダ,31,0.5,1.9,3.2
ココス,デザート,ココスのミニチョコパフェ,344,5.0,21.0,34.1
ココス,デザート,ココスのチョコパフェ,553,8.9,31.1,59.9
ココス,デザート,カシスシャーベットとフルーツヨーグルトのミニパフェ,196,3.3,6.9,30.5
ココス,デザート,選べるダブルアイス,,,,
ココス,デザート,白玉クリームあずき,227,4.2,2.5,46.8
ココス,デザート,フルーツ白玉クリームあんみつ,254,2.9,2.5,57.2
ココス,デザート,コーヒーゼリー,159,1.1,8.4,21.6
ココス,デザート,CoCoプリン,240,4.2,16.7,18.6
ココス,デザート,3種チーズのベイクドチーズケーキ,272,4.3,20.6,17.0
ココス,デザート,ガトーショコラ,341,5.0,22.6,29.5
ココス,デザート,メイプルココッシュ,613,7.8,27.2,86.9
ココス,デザート,ハーフ メイプルココッシュ,335,4.0,16.0,45.0
ココス,純氷ふわふわかき氷,追加ふわとろホイップ,140,1.0,11.8,7.8
ココス,デザート,トッピングフルーツ,46,0.4,0.1,11.9
ココス,サラダ・スープ,コーンスープ,121,3.4,4.5,16.2
ココス,サラダ・スープ,オニオングラタンスープのココット焼き,146,10.4,5.3,13.5
ココス,セット&サイドオーダー,ライス,250,4.0,0.5,59.4
ココス,セット&サイドオーダー,みそ汁,34,2.4,0.9,4.3
ココス,セット&サイドオーダー,とん汁,96,5.7,3.7,9.9
ココス,セット&サイドオーダー,石窯パン,221,6.0,6.1,35.8
ココス,セット&サイドオーダー,追加チーズソース,65,1.1,5.9,1.9
ココス,セット&サイドオーダー,追加温泉玉子,83,6.8,5.7,0.2
ココス,セット&サイドオーダー,追加温野菜,88,3.4,3.1,13.6
ココス,セット&サイドオーダー,追加トルティーヤ（2枚）,207,4.7,5.1,35.0
ココス,セット&サイドオーダー,追加グラナパダーノ,77,6.6,5.6,0.1
ココス,セット&サイドオーダー,追加サルサソース＆ガッカモーレ,39,0.5,3.3,2.1
ココス,セット&サイドオーダー,追加ビーフカレー,125,4.0,7.6,9.7
ココス,セット&サイドオーダー,追加目玉焼き,81,6.3,6.1,0.2
ココス,セット&サイドオーダー,追加タルタルソース,81,1.2,7.7,1.5
ココス,セット&サイドオーダー,追加おろしポン酢,35,1.7,0.1,7.1
ココス,ピザ・サイドメニュー,【単品】本気の唐揚げ(2ヶ),206,11.9,10.5,13.7
ココス,ピザ・サイドメニュー,【単品】北海道産紅ズワイガニのクリームコロッケ,363,5.5,29.7,17.9
ココス,ピザ・サイドメニュー,【単品】海老フライ,258,7.4,17.5,17.7
ココス,ココスのプレミアムモーニング,ココスモーニング～キャラメリゼバナナワッフル～,1084,38.3,66.1,82.6
ココス,ココスのプレミアムモーニング,茜美人の目玉焼きモーニング,752,26.8,48.2,52.9
ココス,ココスのプレミアムモーニング,茜美人のスクランブルモーニング,850,27.6,57.3,56.2
ココス,ココスのプレミアムモーニング,ワッフルオープンサンド～ベーコン・エッグ・チーズ～,648,28.6,39.8,44.4
ココス,ココスのプレミアムモーニング,至福のワッフル～ホイップ＆バニラアイス～,970,14.3,49.2,119.3
ココス,ココスのプレミアムモーニング,トーストモーニング,702,25.3,41.1,56.1
ココス,ココスのプレミアムモーニング,【サイドオーダー】目玉焼き,89,6.3,7.0,0.2
ココス,ココスのプレミアムモーニング,朝のフルーツサラダ,87,1.1,2.9,16.2
ココス,ココスのプレミアムモーニング,フルーツヨーグルト,236,6.4,5.3,43.3
ココス,ココスのプレミアムモーニング,包み焼きハンバーグの朝定食,719,27.0,28.2,87.8
ココス,ココスのプレミアムモーニング,茜美人の目玉焼き朝定食,638,27.8,28.1,73.1
ココス,ココスのプレミアムモーニング,茜美人の卵かけご飯,381,13.9,7.8,67.5
ココス,ココスのプレミアムモーニング,銀鮭の朝定食～鬼おろし添え～,575,26.5,21.1,73.7
ココス,ココスのプレミアムモーニング,【サイドオーダー】生卵,74,6.3,5.3,0.2
ココス,ココスのプレミアムモーニング,【サイドオーダー】納豆,39,3.1,2.2,2.6
ココス,ココスのプレミアムモーニング,【サイドオーダー】朝のみそ汁,34,2.4,0.9,4.3
ココス,ココスのプレミアムモーニング,【サイドオーダー】朝のサラダ,31,0.5,1.9,3.2
ココス,ココスのプレミアムモーニング,【サイドオーダー】燻製ベーコン１枚,84,4.2,7.4,0.0
ココス,ココスのプレミアムモーニング,【サイドオーダー】ライス,250,4.0,0.5,59.4
ココス,ココスのプレミアムモーニング,【サイドオーダー】銀鮭～鬼おろし添え～,165,12.4,11.4,3.3
ココス,ココスのプレミアムモーニング,【単品メニュー】とん汁,96,5.7,3.7,9.9
ココス,ココスのプレミアムモーニング,【単品メニュー】トースト ゆで玉子付き,380,14.2,13.8,48.2
ココス,ココスのプレミアムモーニング,【単品メニュー】ハーフメイプルバターワッフル,308,5.8,13.6,40.8
ココス,ココスのプレミアムモーニング,【単品メニュー】メイプルバターワッフル,578,11.6,23.1,81.5
ココス,ココスのプレミアムモーニング,【単品メニュー】モーニングコーンスープ,121,3.4,4.5,16.2
ココス,ココスのプレミアムモーニング,【単品メニュー】モーニングカリカリポテト,466,3.1,33.7,37.6
ココス,ココスのプレミアムモーニング,【単品メニュー】ヨーグルト&グラノーラ,118,3.6,3.4,18.8
ココス,ココスのプレミアムモーニング,【単品メニュー】モーニングCoCoプリン,240,4.2,16.7,18.6
ココス,ココスのプレミアムモーニング,【単品メニュー】モーニングコーヒーゼリー,159,1.1,8.4,21.6
ココス,ココスのプレミアムモーニング,【単品メニュー】モーニングガトーショコラ,340,5.1,22.6,29.4
ココス,ココスのプレミアムモーニング,【サイドオーダー】追加ふわとろホイップ,140,1.0,11.8,7.8
